path	methods	auth	roles	db_access	external_calls	handler
/api/access/check-and-consume	POST	authenticated	-	yes	no	access_check_and_consume
/api/access/summary	GET	authenticated	-	no	no	access_summary
/api/admin/hod-applications	GET	authenticated	admin	yes	no	list_hod_role_applications
/api/admin/hod-applications/{application_id}/review	POST	authenticated	admin	yes	no	review_hod_role_application
/api/admin/manual-access/search	GET	authenticated	admin	yes	no	admin_manual_access_search
/api/admin/manual-access/{auth_user_id}	GET	authenticated	admin	no	no	admin_manual_access_get
/api/admin/manual-access/{auth_user_id}/action	POST	authenticated	admin	yes	no	admin_manual_access_action
/api/admin/notes-feedback	GET	authenticated	admin	yes	no	admin_list_notes_feedback
/api/admin/notes-feedback/{feedback_id}	GET	authenticated	admin	yes	no	admin_get_notes_feedback
/api/admin/notes-feedback/{feedback_id}	PATCH	authenticated	admin	yes	no	admin_update_notes_feedback
/api/admin/plans	GET	authenticated	admin	yes	no	admin_list_plans
/api/admin/plans	POST	authenticated	admin	yes	no	admin_create_plan
/api/admin/plans/{plan_id}	DELETE	authenticated	admin	yes	no	admin_delete_plan
/api/admin/plans/{plan_id}	PUT	authenticated	admin	yes	no	admin_update_plan
/api/admin/plans/{plan_id}/disable	POST	authenticated	admin	yes	no	admin_disable_plan
/api/admin/plans/{plan_id}/duplicate	POST	authenticated	admin	yes	no	admin_duplicate_plan
/api/admin/plans/{plan_id}/rest	POST	authenticated	admin	yes	no	admin_rest_plan_limits
/api/admin/print/shops	GET	authenticated	admin	yes	no	admin_list_shops
/api/admin/print/shops/{shop_id}/jobs	GET	authenticated	admin	yes	no	admin_shop_jobs
/api/admin/print/shops/{shop_id}/jobs/{job_id}/close	POST	authenticated	admin	yes	no	admin_close_job
/api/admin/print/shops/{shop_id}/settle	POST	authenticated	admin	yes	no	admin_settle_shop
/api/admin/roles/me	GET	authenticated	admin	yes	no	admin_role_me
/api/admin/security/events	GET	authenticated	admin	yes	no	admin_list_security_events
/api/admin/security/incidents	GET	authenticated	admin	yes	no	admin_list_security_incidents
/api/admin/security/incidents/{incident_id}	PATCH	authenticated	admin	yes	no	admin_update_security_incident
/api/admin/security/metrics	GET	authenticated	admin	yes	no	admin_security_metrics
/api/admin/self-check	GET	authenticated	admin	no	no	admin_self_check
/api/admin/teacher-profiles/backfill	POST	authenticated	admin	yes	no	admin_backfill_teacher_profiles
/api/admin/teacher-profiles/diagnostics	GET	authenticated	admin	yes	no	admin_teacher_profiles_diagnostics
/api/admin/teacher-profiles/{user_id}	GET	authenticated	admin	yes	no	admin_get_teacher_profile_row
/api/admin/teacher/profile/resync/{user_id}	POST	authenticated	admin	no	no	admin_resync_teacher_profile
/api/admin/usage-limits	GET	authenticated	admin	yes	no	admin_list_usage_limits
/api/admin/usage-limits	POST	authenticated	admin	yes	no	admin_create_usage_limit
/api/admin/usage-limits/{rule_id}	DELETE	authenticated	admin	yes	no	admin_delete_usage_limit
/api/admin/usage-limits/{rule_id}	PUT	authenticated	admin	yes	no	admin_update_usage_limit
/api/admin/users	GET	authenticated	admin	yes	no	list_admin_users
/api/admin/users/{auth_user_id}	DELETE	authenticated	admin	yes	no	delete_user
/api/admin/users/{auth_user_id}/academic	POST	authenticated	admin	yes	no	admin_update_user_academic
/api/admin/users/{auth_user_id}/role	POST	authenticated	admin	yes	no	update_user_role
/api/applications/incoming	GET	authenticated	-	yes	no	list_incoming_applications
/api/applications/mine	GET	authenticated	-	yes	no	list_my_applications
/api/applications/{application_id}	GET	authenticated	-	yes	no	get_application_by_id
/api/assignment-templates	GET	authenticated	-	yes	no	list_templates
/api/assignment-templates	POST	authenticated	-	yes	no	create_template
/api/assignment-templates/{template_id}	DELETE	authenticated	-	yes	no	delete_template
/api/assignments	GET	authenticated	-	yes	no	list_assignments
/api/assignments	POST	authenticated	-	yes	no	create_assignment
/api/assignments/extensions/{extension_id}	PUT	authenticated	-	yes	no	respond_to_extension
/api/assignments/upload	POST	authenticated	-	no	yes	upload_assignment_file
/api/assignments/{assignment_id}	DELETE	authenticated	-	yes	no	delete_assignment
/api/assignments/{assignment_id}	GET	authenticated	-	yes	no	get_assignment
/api/assignments/{assignment_id}	PUT	authenticated	-	yes	no	update_assignment
/api/assignments/{assignment_id}/analytics	GET	authenticated	-	yes	no	get_assignment_analytics
/api/assignments/{assignment_id}/close	POST	authenticated	-	yes	no	close_assignment
/api/assignments/{assignment_id}/comments	GET	authenticated	-	yes	no	get_comments
/api/assignments/{assignment_id}/comments	POST	authenticated	-	yes	no	add_comment
/api/assignments/{assignment_id}/duplicates	GET	authenticated	-	yes	no	get_duplicate_submissions
/api/assignments/{assignment_id}/extensions	GET	authenticated	-	yes	no	get_extensions
/api/assignments/{assignment_id}/publish	POST	authenticated	-	yes	no	publish_assignment
/api/assignments/{assignment_id}/submissions	GET	authenticated	-	yes	no	get_submissions
/api/assignments/{assignment_id}/submissions/{submission_id}/grade	PUT	authenticated	-	yes	no	grade_submission
/api/batches/resolve	POST	authenticated	-	no	no	resolve_or_create_batch
/api/batches/{batch_id}	DELETE	authenticated	-	yes	no	delete_batch
/api/batches/{batch_id}	PUT	authenticated	-	yes	no	update_batch
/api/batches/{batch_id}/courses	GET	authenticated	-	yes	no	api_list_courses_for_batch
/api/batches/{batch_id}/courses	POST	authenticated	-	yes	no	create_course_for_batch
/api/blink/generate	POST	authenticated	-	yes	yes	generate_blink_endpoint
/api/blink/generate-selected	POST	authenticated	-	no	yes	generate_selected_image_endpoint
/api/blink/links	GET	authenticated	-	yes	no	get_blink_links
/api/blink/remove	POST	authenticated	-	yes	no	remove_blink_endpoint
/api/blink/selected-images	GET	authenticated	-	yes	no	list_selected_images_endpoint
/api/blink/selected-images	POST	authenticated	-	yes	no	save_selected_image_endpoint
/api/collab/{application_id}/messages	GET	authenticated	-	yes	no	list_collab_messages
/api/collab/{application_id}/messages	POST	authenticated	-	yes	no	send_collab_message
/api/colleges	GET	authenticated	-	yes	no	list_colleges
/api/colleges	POST	authenticated	-	no	no	create_college
/api/colleges/simple	POST	authenticated	-	no	no	create_college_simple
/api/colleges/{college_id}	DELETE	authenticated	-	yes	no	delete_college
/api/colleges/{college_id}	GET	authenticated	-	no	no	get_college
/api/colleges/{college_id}	PUT	authenticated	-	yes	no	rename_college
/api/colleges/{college_id}/degrees	GET	authenticated	-	no	no	list_degrees_for_college
/api/colleges/{college_id}/degrees	POST	authenticated	-	yes	no	create_degree_simple
/api/colleges/{college_id}/departments	GET	authenticated	-	yes	no	list_departments_for_college
/api/colleges/{college_id}/departments/full	GET	authenticated	-	yes	no	list_departments_full
/api/colleges/{college_id}/departments/{dept_name}/batches	GET	authenticated	-	yes	no	list_batches_for_department
/api/colleges/{college_id}/departments/{dept_name}/batches/full	GET	authenticated	-	yes	no	list_batches_for_department_with_ids
/api/colleges/{college_id}/logo	POST	authenticated	-	yes	no	upload_college_logo
/api/colleges/{college_id}/logo/debug	GET	authenticated	-	no	yes	debug_list_college_logos
/api/courses/{course_id}	DELETE	authenticated	-	yes	no	delete_course_cascade
/api/courses/{course_id}	PUT	authenticated	-	no	no	update_course_metadata_alias
/api/debug/teacher-avatar-route	GET	authenticated	-	no	no	debug_avatar_route_presence
/api/debug/teacher-routes	GET	authenticated	-	no	no	debug_list_teacher_routes
/api/degrees/{degree_id}	DELETE	authenticated	-	yes	no	delete_degree
/api/degrees/{degree_id}	PUT	authenticated	-	yes	no	update_degree
/api/degrees/{degree_id}/departments	POST	authenticated	-	yes	no	create_department_simple
/api/departments/{department_id}	DELETE	authenticated	-	yes	no	delete_department
/api/departments/{department_id}	PUT	authenticated	-	yes	no	update_department_simple
/api/departments/{department_id}/batches	POST	authenticated	-	yes	no	create_batch_for_department
/api/departments/{department_id}/batches/full	GET	authenticated	-	yes	no	list_batches_for_department_with_ids_by_id
/api/feedback/f/{share_code}	GET	authenticated	-	yes	no	get_feedback_form_public
/api/feedback/f/{share_code}/submit	POST	authenticated	-	yes	no	submit_feedback
/api/feedback/forms	GET	authenticated	-	yes	no	list_feedback_forms
/api/feedback/forms	POST	authenticated	-	yes	no	create_feedback_form
/api/feedback/forms/{form_id}	DELETE	authenticated	-	yes	no	delete_feedback_form
/api/feedback/forms/{form_id}	GET	authenticated	-	yes	no	get_feedback_form
/api/feedback/forms/{form_id}	PUT	authenticated	-	yes	no	update_feedback_form
/api/feedback/forms/{form_id}/analytics	GET	authenticated	-	yes	no	get_feedback_analytics
/api/feedback/forms/{form_id}/close	POST	authenticated	-	yes	no	close_feedback_form
/api/feedback/forms/{form_id}/publish	POST	authenticated	-	yes	no	publish_feedback_form
/api/feedback/forms/{form_id}/responses	GET	authenticated	-	yes	no	get_feedback_responses
/api/feedback/generate-questions	POST	authenticated	-	no	yes	generate_feedback_questions
/api/group-chat/create	POST	authenticated	-	yes	no	create_group_chat_room
/api/group-chat/end	POST	authenticated	-	yes	no	end_group_chat_room
/api/group-chat/history	GET	authenticated	-	yes	no	get_group_chat_history
/api/group-chat/{room_id}	GET	authenticated	-	yes	no	get_group_chat_room
/api/history	GET	authenticated	-	yes	no	get_history
/api/history/clear	DELETE	authenticated	-	yes	no	clear_history
/api/history/record	POST	authenticated	-	yes	no	record_history
/api/hod/ai/meeting-agenda	POST	authenticated	admin,hod	yes	no	hod_ai_meeting_agenda
/api/hod/ai/risk-flags	POST	authenticated	admin,hod	yes	no	hod_ai_risk_flags
/api/hod/applications	GET	authenticated	admin,hod	yes	no	hod_list_teacher_applications
/api/hod/applications/{application_id}/review	POST	authenticated	admin,hod	yes	no	hod_review_application
/api/hod/batch-management	GET	authenticated	admin,hod	yes	no	hod_get_batch_management
/api/hod/batch-management	POST	authenticated	admin,hod	yes	no	hod_update_batch_management
/api/hod/batches	GET	authenticated	admin,hod	yes	no	hod_list_batches
/api/hod/classes	GET	authenticated	admin,hod	yes	no	hod_list_classes
/api/hod/classes/assign	POST	authenticated	admin,hod	yes	no	hod_assign_class
/api/hod/classes/{class_id}/reassign	POST	authenticated	admin,hod	yes	no	hod_reassign_class
/api/hod/me	GET	authenticated	admin,hod	yes	no	hod_me
/api/hod/signup	POST	public	admin,hod	yes	no	hod_signup
/api/hod/staff	GET	authenticated	admin,hod	yes	no	hod_list_staff
/api/hod/staff/remove	POST	authenticated	admin,hod	yes	no	hod_remove_staff
/api/innovatex/add-features	POST	authenticated	-	yes	no	innovatex_add_features
/api/innovatex/claim-project	POST	authenticated	-	yes	no	innovatex_claim_project
/api/innovatex/eval-metrics	POST	authenticated	-	yes	no	innovatex_eval_metrics
/api/innovatex/explore-features	POST	authenticated	-	yes	no	innovatex_explore_features
/api/innovatex/generate-ideas	POST	authenticated	-	yes	no	innovatex_generate_ideas
/api/innovatex/make-unique	POST	authenticated	-	yes	no	innovatex_make_unique
/api/innovatex/mentor-chat	POST	authenticated	-	yes	yes	innovatex_mentor_chat
/api/innovatex/mentor-chat/{project_id}	GET	authenticated	-	yes	no	innovatex_get_mentor_chat
/api/innovatex/my-project/{project_id}	GET	authenticated	-	yes	no	innovatex_get_project
/api/innovatex/my-projects	GET	authenticated	-	yes	no	innovatex_get_all_projects
/api/innovatex/refine	POST	authenticated	-	yes	no	innovatex_refine
/api/innovatex/refine-bulk	POST	authenticated	-	yes	no	innovatex_refine_bulk
/api/innovatex/refine/{project_id}/state	GET	authenticated	-	yes	no	innovatex_refine_state
/api/innovatex/viva-sim	POST	authenticated	-	yes	no	innovatex_viva_sim
/api/labx/check-batch	GET	authenticated	-	yes	no	check_labx_cache_batch
/api/labx/check/{topic}	GET	authenticated	-	no	no	check_labx_cache
/api/labx/generate	POST	authenticated	-	no	yes	generate_labx
/api/labx/generate-stream	POST	authenticated	-	no	yes	generate_labx_stream
/api/labx/get/{topic}	GET	authenticated	-	no	no	get_labx_cached
/api/labx/list	GET	authenticated	-	yes	no	list_labx_explanations
/api/labx/regenerate	POST	authenticated	-	no	no	regenerate_labx
/api/labx/{topic}	DELETE	authenticated	-	yes	no	delete_labx_explanation
/api/lcoding/languages	GET	authenticated	-	yes	no	get_lcoding_languages
/api/lcoding/languages	POST	authenticated	-	yes	yes	create_lcoding_language
/api/lcoding/languages/{lang_id}	GET	authenticated	-	yes	no	get_lcoding_language
/api/lcoding/languages/{lang_id}	PUT	authenticated	-	yes	yes	update_lcoding_language
/api/lcoding/languages/{lang_id}/levels	GET	authenticated	-	yes	no	get_lcoding_levels
/api/lcoding/languages/{lang_id}/levels	POST	authenticated	-	yes	no	create_lcoding_level
/api/lcoding/levels/{level_id}	DELETE	authenticated	-	yes	no	delete_lcoding_level
/api/lcoding/levels/{level_id}	GET	authenticated	-	yes	no	get_lcoding_level
/api/lcoding/levels/{level_id}	PUT	authenticated	-	yes	no	update_lcoding_level
/api/lcoding/levels/{level_id}/sections	GET	authenticated	-	yes	no	get_lcoding_sections
/api/lcoding/levels/{level_id}/sections	POST	authenticated	-	yes	no	create_lcoding_section
/api/lcoding/sections/{section_id}	GET	authenticated	-	yes	no	get_lcoding_section
/api/lcoding/sections/{section_id}/topics	GET	authenticated	-	yes	no	get_lcoding_topics
/api/lcoding/sections/{section_id}/topics	POST	authenticated	-	yes	no	create_lcoding_topic
/api/lcoding/topics/{topic_id}	DELETE	authenticated	-	yes	no	delete_lcoding_topic
/api/lcoding/topics/{topic_id}	GET	authenticated	-	yes	no	get_lcoding_topic
/api/lcoding/topics/{topic_id}	PATCH	authenticated	-	yes	no	update_lcoding_topic
/api/leaderboard	GET	authenticated	-	yes	no	get_leaderboard
/api/learning-tracks/analytics	POST	authenticated	-	no	no	api_learning_track_analytics
/api/learning-tracks/code/execute	POST	authenticated	-	no	yes	api_learning_track_execute
/api/learning-tracks/code/explain	POST	authenticated	-	no	no	api_learning_track_explain
/api/learning-tracks/config	GET	authenticated	-	no	no	api_learning_tracks_config
/api/learning-tracks/faculty-brief	POST	authenticated	-	no	no	api_learning_track_faculty_brief
/api/learning-tracks/mock	POST	authenticated	-	no	no	api_learning_track_mock
/api/learning-tracks/path	POST	authenticated	-	no	no	api_learning_tracks_plan
/api/learning-tracks/plan/latest	GET	authenticated	-	no	no	api_learning_tracks_latest_plan
/api/learning-tracks/progress	POST	authenticated	-	no	no	api_learning_track_progress_update
/api/learning-tracks/topic/practice	POST	authenticated	-	no	no	api_learning_track_practice
/api/marketplace/notes	GET	authenticated	-	yes	no	mp_list_notes
/api/marketplace/notes	POST	authenticated	-	yes	no	mp_upload_note
/api/marketplace/notes/meta	GET	authenticated	-	yes	no	mp_notes_meta
/api/marketplace/notes/{note_id}	DELETE	authenticated	-	yes	no	mp_delete_note
/api/marketplace/notes/{note_id}	GET	authenticated	-	yes	no	mp_get_note
/api/marketplace/notes/{note_id}	PUT	authenticated	-	yes	no	mp_update_note
/api/marketplace/notes/{note_id}/cover	GET	authenticated	-	yes	no	mp_cover_image
/api/marketplace/notes/{note_id}/download	GET	authenticated	-	yes	no	mp_download_note
/api/marketplace/notes/{note_id}/preview	GET	authenticated	-	yes	no	mp_preview_note
/api/marketplace/notes/{note_id}/purchase	POST	authenticated	-	yes	no	mp_purchase_note
/api/marketplace/notes/{note_id}/replace-file	POST	authenticated	-	yes	no	mp_replace_note_file
/api/marketplace/notes/{note_id}/review	POST	authenticated	-	yes	no	mp_review_note
/api/marketplace/subjects/teacher-notes/batch	POST	authenticated	-	yes	no	mp_teacher_notes_by_subject_batch
/api/marketplace/subjects/{subject_id}/teacher-notes	GET	authenticated	-	yes	no	mp_teacher_notes_by_subject
/api/math-td/config	GET	authenticated	-	no	no	math_td_get_config
/api/math-td/deploy	POST	authenticated	-	no	no	math_td_deploy_unit
/api/math-td/question/answer	POST	authenticated	-	yes	no	math_td_answer_question
/api/math-td/question/generate	POST	authenticated	-	yes	no	math_td_generate_question
/api/math-td/session/new	POST	authenticated	-	yes	no	math_td_create_session
/api/math-td/session/{session_id}	GET	authenticated	-	no	no	math_td_get_session
/api/math-td/sessions/{session_id}/history	GET	authenticated	-	yes	no	math_td_question_history
/api/math-td/tick	POST	authenticated	-	no	no	math_td_tick
/api/maths-notes/generate	POST	authenticated	-	no	no	api_generate_maths_notes
/api/maths-notes/generate/stream	GET	authenticated	-	no	no	api_generate_maths_notes_stream
/api/maths-notes/solve	POST	authenticated	-	no	no	api_solve_maths_problem
/api/me	GET	authenticated	-	no	no	get_me
/api/medix/rag/chat	POST	authenticated	-	yes	no	medix_rag_chat
/api/medix/rag/sessions/{session_id}/messages	GET	authenticated	-	yes	no	medix_rag_session_messages
/api/medix/rag/sources	GET	authenticated	-	yes	no	medix_rag_sources
/api/medix/rag/sources/{source_id}	DELETE	authenticated	-	yes	no	medix_rag_delete_source
/api/medix/rag/upload	POST	authenticated	-	no	no	medix_rag_upload_pdf
/api/medix/rag/upload/bulk	POST	authenticated	-	no	no	medix_rag_upload_bulk_pdf
/api/notes	GET	authenticated	-	yes	no	api_list_notes
/api/notes	POST	authenticated	-	no	no	api_create_note
/api/notes/allowed-domains	DELETE	authenticated	-	no	no	api_delete_domain
/api/notes/allowed-domains	GET	authenticated	-	no	no	api_get_allowed_domains
/api/notes/allowed-domains	POST	authenticated	-	no	no	api_set_allowed_domains
/api/notes/caseflow	POST	authenticated	-	yes	no	api_caseflow_scenario
/api/notes/caseflow/evaluate	POST	authenticated	-	yes	no	api_caseflow_evaluate
/api/notes/clinical-decision-tree	POST	authenticated	-	yes	no	api_clinical_decision_tree
/api/notes/degrees	GET	authenticated	-	no	no	api_list_degrees
/api/notes/edited	GET	authenticated	-	no	no	api_get_user_edit
/api/notes/edited	POST	authenticated	-	no	no	api_upsert_user_edit
/api/notes/edited/check	GET	authenticated	-	no	no	api_check_user_edit
/api/notes/feedback	POST	authenticated	-	yes	no	submit_notes_feedback
/api/notes/generate	POST	authenticated	-	no	no	generate
/api/notes/generate/stream	GET	authenticated	-	no	no	generate_stream
/api/notes/match-following	POST	authenticated	-	yes	no	api_match_following
/api/notes/ppt-link	GET	authenticated	-	yes	no	api_get_ppt_link
/api/notes/resolve	GET	authenticated	-	yes	no	api_resolve_note
/api/notes/snippet-assist	POST	authenticated	-	no	yes	api_snippet_assist
/api/notes/topics/search	GET	authenticated	-	yes	no	api_search_topics
/api/notes/transform	POST	authenticated	-	no	yes	api_transform_note
/api/notes/viva/respond	POST	authenticated	-	no	no	api_viva_respond
/api/notes/{note_id}	GET	authenticated	-	no	no	api_read_note
/api/notes/{note_id}	PUT	authenticated	-	no	no	api_update_note
/api/notes/{note_id}/download	GET	authenticated	-	no	no	api_download_note
/api/notes/{note_id}/flashcards	POST	authenticated	-	no	no	api_generate_flashcards
/api/notes/{note_id}/mcq	POST	authenticated	-	yes	no	api_generate_mcq
/api/notes/{note_id}/pdf	GET	authenticated	-	no	no	api_note_pdf
/api/orders	GET	authenticated	-	yes	no	list_my_orders
/api/orders/{job_id}	GET	authenticated	-	yes	no	get_order
/api/orders/{job_id}/cancel	POST	authenticated	-	yes	no	cancel_order
/api/orders/{job_id}/resend-otp	POST	authenticated	-	yes	no	resend_otp
/api/parse/syllabus-text	POST	authenticated	-	no	no	parse_syllabus_text
/api/pdf	POST	authenticated	-	no	no	api_pdf_from_markdown
/api/ppt/generate-outline	POST	authenticated	-	no	no	ppt_generate_outline
/api/ppt/generate-slide	POST	authenticated	-	no	yes	ppt_generate_slide
/api/ppt/refine-outline	POST	authenticated	-	no	no	ppt_refine_outline
/api/print/jobs	POST	authenticated	-	yes	no	create_print_job
/api/print/shops	GET	authenticated	-	yes	no	list_print_shops
/api/profile	GET	authenticated	-	no	no	get_profile_compat
/api/profile	POST	authenticated	-	no	no	update_profile_compat
/api/profile/me	GET	authenticated	-	no	no	get_profile_me
/api/profile/me	PUT	authenticated	-	no	no	update_profile_me
/api/profile/upload	POST	authenticated	-	no	no	upload_profile_asset
/api/progress/summary	GET	authenticated	-	no	no	progress_summary
/api/progress/toggle	POST	authenticated	-	no	no	toggle_topic
/api/progress/topics	GET	authenticated	-	no	no	get_completed_topics
/api/projects	GET	authenticated	-	yes	no	list_projects
/api/projects	POST	authenticated	-	yes	no	create_project
/api/projects/{project_id}	GET	authenticated	-	no	no	get_project
/api/projects/{project_id}/applications	GET	authenticated	-	yes	no	list_project_applications
/api/projects/{project_id}/applications/me	GET	authenticated	-	yes	no	get_my_project_application
/api/projects/{project_id}/applications/{application_id}	GET	authenticated	-	yes	no	get_project_application
/api/projects/{project_id}/applications/{application_id}	PATCH	authenticated	-	yes	no	update_project_application
/api/projects/{project_id}/apply	POST	authenticated	-	yes	no	apply_to_project
/api/projects/{project_id}/upload	POST	authenticated	-	yes	no	upload_project_media
/api/public/academic-meta	GET	authenticated	-	yes	no	public_academic_meta
/api/public/profiles/{user_id}	GET	authenticated	-	yes	no	get_public_profile
/api/public/skills/verifications/{user_id}	GET	authenticated	-	yes	no	list_public_skill_verifications
/api/public/supabase	GET	authenticated	-	no	no	public_supabase_config
/api/public/turnstile	GET	authenticated	-	no	no	public_turnstile_config
/api/rtc-config	GET	authenticated	-	no	no	get_rtc_config
/api/shop/jobs	GET	authenticated	-	yes	no	shop_jobs
/api/shop/jobs/{job_id}/accept	POST	authenticated	-	no	no	shop_accept
/api/shop/jobs/{job_id}/printing	POST	authenticated	-	no	no	shop_printing
/api/shop/jobs/{job_id}/ready	POST	authenticated	-	no	no	shop_ready
/api/shop/jobs/{job_id}/reject	POST	authenticated	-	no	no	shop_reject
/api/shop/jobs/{job_id}/release	POST	authenticated	-	yes	no	shop_release
/api/shop/logo	POST	authenticated	-	yes	no	upload_shop_logo
/api/shop/me	GET	authenticated	-	yes	no	shop_me
/api/shop/me	PATCH	authenticated	-	yes	no	shop_me_update
/api/shop/signup	POST	authenticated	-	yes	no	shop_signup
/api/signup/full	POST	public	-	no	no	signup_full
/api/skills/tests/start	POST	authenticated	-	no	no	start_skill_test
/api/skills/tests/{session_id}/submit	POST	authenticated	-	no	no	submit_skill_test
/api/skills/verifications	GET	authenticated	-	yes	no	list_my_skill_verifications
/api/streak	GET	authenticated	-	yes	no	get_user_streak
/api/streak/ping	POST	authenticated	-	yes	no	ping_streak
/api/student/assignments	GET	authenticated	-	yes	no	get_student_assignments
/api/student/assignments/{assignment_id}	GET	authenticated	-	yes	no	get_student_assignment
/api/student/assignments/{assignment_id}/request-extension	POST	authenticated	-	yes	no	request_extension
/api/student/assignments/{assignment_id}/submit	POST	authenticated	-	yes	no	submit_assignment
/api/studyai/conversations	GET	authenticated	-	yes	no	list_conversations
/api/studyai/conversations	POST	authenticated	-	yes	no	create_conversation
/api/studyai/conversations/{conversation_id}	DELETE	authenticated	-	yes	no	delete_conversation
/api/studyai/conversations/{conversation_id}	GET	authenticated	-	yes	no	get_conversation
/api/studyai/conversations/{conversation_id}	PATCH	authenticated	-	yes	no	update_conversation
/api/studyai/conversations/{conversation_id}/export/md	GET	authenticated	-	yes	no	export_conversation_markdown
/api/studyai/conversations/{conversation_id}/messages	POST	authenticated	-	yes	no	send_message
/api/studyai/conversations/{conversation_id}/share	POST	authenticated	-	yes	no	generate_share_link
/api/studyai/messages/{message_id}/bookmark	PATCH	authenticated	-	yes	no	toggle_message_bookmark
/api/studyai/shared/{share_code}	GET	authenticated	-	yes	no	get_shared_conversation
/api/syllabus/courses	POST	authenticated	-	no	no	api_upsert_syllabus_course
/api/syllabus/courses/{course_id}	GET	authenticated	-	no	no	api_get_syllabus_course
/api/syllabus/courses/{course_id}	PUT	authenticated	-	yes	no	update_course_metadata
/api/syllabus/courses/{course_id}/ratings	GET	authenticated	-	yes	no	get_course_topic_ratings
/api/syllabus/courses/{course_id}/units	POST	authenticated	-	yes	no	create_unit_for_course
/api/syllabus/topics/by-title	GET	authenticated	-	yes	no	api_find_topics_by_title
/api/syllabus/topics/ratings/batch	POST	authenticated	-	yes	no	get_topic_ratings_batch
/api/syllabus/topics/{topic_id}/image	DELETE	authenticated	-	yes	no	clear_topic_image_url
/api/syllabus/topics/{topic_id}/image	PUT	authenticated	-	yes	no	set_topic_image_url
/api/syllabus/topics/{topic_id}/lab	DELETE	authenticated	-	no	no	clear_topic_lab_url
/api/syllabus/topics/{topic_id}/lab	PUT	authenticated	-	no	no	set_topic_lab_url
/api/syllabus/topics/{topic_id}/ppt	DELETE	authenticated	-	yes	no	clear_topic_ppt_url
/api/syllabus/topics/{topic_id}/ppt	PUT	authenticated	-	yes	no	set_topic_ppt_url
/api/syllabus/topics/{topic_id}/rating	GET	authenticated	-	yes	no	get_topic_rating
/api/syllabus/topics/{topic_id}/rating	PUT	authenticated	-	yes	no	set_topic_rating
/api/syllabus/topics/{topic_id}/video	DELETE	authenticated	-	no	no	clear_topic_video_url
/api/syllabus/topics/{topic_id}/video	PUT	authenticated	-	no	no	set_topic_video_url
/api/syllabus/units/{unit_id}	DELETE	authenticated	-	yes	no	delete_unit_cascade
/api/syllabus/units/{unit_id}	PUT	authenticated	-	yes	no	update_unit_topics
/api/syllabus/units/{unit_id}/topics	GET	authenticated	-	yes	no	api_list_topics_for_unit
/api/syllabus/upload	GET	authenticated	-	no	no	upload_syllabus_info
/api/syllabus/upload	POST	authenticated	-	no	no	upload_syllabus_pdf
/api/syllabus/upload-bulk	POST	authenticated	-	no	no	upload_syllabus_pdf_bulk
/api/teacher/academics/mine	GET	authenticated	admin,employee,hod,teacher	yes	no	get_teacher_academics_mine
/api/teacher/applications	GET	authenticated	admin,employee,hod,teacher	yes	no	list_teacher_applications
/api/teacher/applications/{application_id}/review	POST	authenticated	admin,employee,hod,teacher	yes	no	review_teacher_application
/api/teacher/classes	POST	authenticated	admin,employee,hod,teacher	yes	no	create_teacher_class
/api/teacher/classes/mine	GET	authenticated	admin,employee,hod,teacher	yes	no	list_my_teacher_classes
/api/teacher/classes/{class_id}	DELETE	authenticated	admin,employee,hod,teacher	yes	no	delete_teacher_class
/api/teacher/classes/{class_id}	GET	authenticated	admin,employee,hod,teacher	yes	no	get_teacher_class
/api/teacher/classes/{class_id}	PUT	authenticated	admin,employee,hod,teacher	yes	no	update_teacher_class
/api/teacher/classes/{class_id}/students	GET	authenticated	admin,employee,hod,teacher	yes	no	list_teacher_class_students
/api/teacher/connect/{other_user_id}	POST	authenticated	admin,employee,hod,teacher	yes	no	teacher_connect
/api/teacher/connections	GET	authenticated	admin,employee,hod,teacher	yes	no	list_my_connections
/api/teacher/connections/{connection_id}/messages	GET	authenticated	admin,employee,hod,teacher	yes	no	list_messages
/api/teacher/connections/{connection_id}/messages	POST	authenticated	admin,employee,hod,teacher	yes	no	send_message
/api/teacher/me/status	GET	authenticated	admin,employee,hod,teacher	yes	no	teacher_me_status
/api/teacher/notes/mine	GET	authenticated	admin,employee,hod,teacher	yes	no	teacher_my_notes
/api/teacher/notes/upload-meta	GET	authenticated	admin,employee,hod,teacher	yes	no	teacher_notes_meta
/api/teacher/profile/avatar	POST	authenticated	admin,employee,hod,teacher	yes	yes	upload_teacher_avatar
/api/teacher/profile/me	PUT	authenticated	admin,employee,hod,teacher	yes	no	upsert_teacher_profile
/api/teacher/profile/me/avatar	POST	authenticated	admin,employee,hod,teacher	no	no	upload_teacher_avatar_alt
/api/teacher/profile/{user_id}	GET	authenticated	admin,employee,hod,teacher	yes	no	get_teacher_profile
/api/teacher/signup	POST	public	admin,employee,hod,teacher	yes	no	teacher_signup
/api/teacher/tests	GET	authenticated	admin,employee,hod,teacher	yes	no	api_list_tests
/api/teacher/tests	POST	authenticated	admin,employee,hod,teacher	yes	no	api_create_test
/api/teacher/tests/ai	POST	authenticated	admin,employee,hod,teacher	no	no	api_teacher_generate_test_ai
/api/teacher/tests/{test_id}	DELETE	authenticated	admin,employee,hod,teacher	yes	no	api_delete_test
/api/teacher/tests/{test_id}	PUT	authenticated	admin,employee,hod,teacher	yes	no	api_update_test
/api/teacher/tests/{test_id}/accepting	PATCH	authenticated	admin,employee,hod,teacher	yes	no	api_toggle_accepting
/api/teacher/tests/{test_id}/attempts	GET	authenticated	admin,employee,hod,teacher	yes	no	api_list_attempts
/api/teacher/tests/{test_id}/results	GET	authenticated	admin,employee,hod,teacher	yes	no	api_test_results
/api/teachers	GET	authenticated	-	yes	no	list_teachers
/api/tests/{test_id}	GET	authenticated	-	yes	no	api_get_test
/api/tests/{test_id}/start	POST	authenticated	-	yes	no	api_start_attempt
/api/tests/{test_id}/submit	POST	authenticated	-	yes	no	api_submit_attempt
/api/transcripts/meta	POST	authenticated	-	no	no	api_youtube_meta
/api/transcripts/notes	POST	authenticated	-	yes	no	api_transcript_notes
/api/transcripts/paragraph	POST	authenticated	-	no	no	api_transcript_paragraph
/api/transcripts/saved/{video_id}	GET	authenticated	-	yes	no	api_youtube_saved
/api/tunex/compiler/java/run	POST	authenticated	-	no	no	run_java_compiler
/api/tunex/compiler/run	POST	authenticated	-	no	no	run_python_compiler
/api/tunex/problems/{id}	GET	authenticated	-	yes	no	get_problem
/api/tunex/problems/{id}/run	POST	authenticated	-	yes	no	run_problem
/api/tunex/topics/{topic_id}/ai/ensure	POST	authenticated	-	yes	no	ensure_topic_content
/api/tunex/topics/{topic_id}/full	GET	authenticated	-	yes	no	get_topic_full
/api/wishlist	GET	authenticated	-	yes	no	get_wishlist
/api/wishlist/check/{topic_id}	GET	authenticated	-	yes	no	check_wishlist
/api/wishlist/toggle	POST	authenticated	-	yes	no	toggle_wishlist
/api/wishlist/{topic_id}	DELETE	authenticated	-	yes	no	remove_from_wishlist
/api/xo/game	POST	authenticated	-	yes	no	xo_create_game
/api/xo/game/{game_id}	GET	authenticated	-	yes	no	xo_get_game
/api/xo/game/{game_id}/move	POST	authenticated	-	yes	no	xo_make_move
/api/xo/leaderboard	GET	authenticated	-	yes	no	xo_leaderboard
/api/xo/stats	GET	authenticated	-	yes	no	xo_get_stats
/api/youtube/channel-logo	GET	authenticated	-	no	no	api_youtube_channel_logo
/api/youtube/search	GET	authenticated	-	no	no	api_youtube_search
/api/youtube/transcript.txt	GET	authenticated	-	no	no	get_transcript_txt
/health	GET	public	-	no	no	health
/login	POST	public	-	no	no	login
/logout	POST	public	-	no	no	logout
/refresh	POST	public	-	no	no	refresh_token
/signup	POST	public	-	no	no	signup