TOTAL_API_ROUTES	389
/api/access/check-and-consume	POST	authenticated	-
/api/access/summary	GET	authenticated	-
/api/admin/hod-applications	GET	authenticated	admin
/api/admin/hod-applications/{application_id}/review	POST	authenticated	admin
/api/admin/manual-access/search	GET	authenticated	admin
/api/admin/manual-access/{auth_user_id}	GET	authenticated	admin
/api/admin/manual-access/{auth_user_id}/action	POST	authenticated	admin
/api/admin/notes-feedback	GET	authenticated	admin
/api/admin/notes-feedback/{feedback_id}	GET	authenticated	admin
/api/admin/notes-feedback/{feedback_id}	PATCH	authenticated	admin
/api/admin/plans	GET	authenticated	admin
/api/admin/plans	POST	authenticated	admin
/api/admin/plans/{plan_id}	PUT	authenticated	admin
/api/admin/plans/{plan_id}	DELETE	authenticated	admin
/api/admin/plans/{plan_id}/disable	POST	authenticated	admin
/api/admin/plans/{plan_id}/duplicate	POST	authenticated	admin
/api/admin/plans/{plan_id}/rest	POST	authenticated	admin
/api/admin/print/shops	GET	authenticated	admin
/api/admin/print/shops/{shop_id}/jobs	GET	authenticated	admin
/api/admin/print/shops/{shop_id}/jobs/{job_id}/close	POST	authenticated	admin
/api/admin/print/shops/{shop_id}/settle	POST	authenticated	admin
/api/admin/roles/me	GET	authenticated	admin
/api/admin/security/events	GET	authenticated	admin
/api/admin/security/incidents	GET	authenticated	admin
/api/admin/security/incidents/{incident_id}	PATCH	authenticated	admin
/api/admin/security/metrics	GET	authenticated	admin
/api/admin/self-check	GET	authenticated	admin
/api/admin/teacher-profiles/backfill	POST	authenticated	admin
/api/admin/teacher-profiles/diagnostics	GET	authenticated	admin
/api/admin/teacher-profiles/{user_id}	GET	authenticated	admin
/api/admin/teacher/profile/resync/{user_id}	POST	authenticated	admin
/api/admin/usage-limits	GET	authenticated	admin
/api/admin/usage-limits	POST	authenticated	admin
/api/admin/usage-limits/{rule_id}	PUT	authenticated	admin
/api/admin/usage-limits/{rule_id}	DELETE	authenticated	admin
/api/admin/users	GET	authenticated	admin
/api/admin/users/{auth_user_id}	DELETE	authenticated	admin
/api/admin/users/{auth_user_id}/academic	POST	authenticated	admin
/api/admin/users/{auth_user_id}/role	POST	authenticated	admin
/api/applications/incoming	GET	authenticated	-
/api/applications/mine	GET	authenticated	-
/api/applications/{application_id}	GET	authenticated	-
/api/assignment-templates	GET	authenticated	-
/api/assignment-templates	POST	authenticated	-
/api/assignment-templates/{template_id}	DELETE	authenticated	-
/api/assignments	POST	authenticated	-
/api/assignments	GET	authenticated	-
/api/assignments/extensions/{extension_id}	PUT	authenticated	-
/api/assignments/upload	POST	authenticated	-
/api/assignments/{assignment_id}	GET	authenticated	-
/api/assignments/{assignment_id}	PUT	authenticated	-
/api/assignments/{assignment_id}	DELETE	authenticated	-
/api/assignments/{assignment_id}/analytics	GET	authenticated	-
/api/assignments/{assignment_id}/close	POST	authenticated	-
/api/assignments/{assignment_id}/comments	GET	authenticated	-
/api/assignments/{assignment_id}/comments	POST	authenticated	-
/api/assignments/{assignment_id}/duplicates	GET	authenticated	-
/api/assignments/{assignment_id}/extensions	GET	authenticated	-
/api/assignments/{assignment_id}/publish	POST	authenticated	-
/api/assignments/{assignment_id}/submissions	GET	authenticated	-
/api/assignments/{assignment_id}/submissions/{submission_id}/grade	PUT	authenticated	-
/api/batches/resolve	POST	authenticated	-
/api/batches/{batch_id}	PUT	authenticated	-
/api/batches/{batch_id}	DELETE	authenticated	-
/api/batches/{batch_id}/courses	POST	authenticated	-
/api/batches/{batch_id}/courses	GET	authenticated	-
/api/blink/generate	POST	authenticated	-
/api/blink/generate-selected	POST	authenticated	-
/api/blink/links	GET	authenticated	-
/api/blink/remove	POST	authenticated	-
/api/blink/selected-images	POST	authenticated	-
/api/blink/selected-images	GET	authenticated	-
/api/collab/{application_id}/messages	GET	authenticated	-
/api/collab/{application_id}/messages	POST	authenticated	-
/api/colleges	POST	authenticated	-
/api/colleges	GET	authenticated	-
/api/colleges/simple	POST	authenticated	-
/api/colleges/{college_id}	PUT	authenticated	-
/api/colleges/{college_id}	DELETE	authenticated	-
/api/colleges/{college_id}	GET	authenticated	-
/api/colleges/{college_id}/degrees	GET	authenticated	-
/api/colleges/{college_id}/degrees	POST	authenticated	-
/api/colleges/{college_id}/departments	GET	authenticated	-
/api/colleges/{college_id}/departments/full	GET	authenticated	-
/api/colleges/{college_id}/departments/{dept_name}/batches	GET	authenticated	-
/api/colleges/{college_id}/departments/{dept_name}/batches/full	GET	authenticated	-
/api/colleges/{college_id}/logo	POST	authenticated	-
/api/colleges/{college_id}/logo/debug	GET	authenticated	-
/api/courses/{course_id}	PUT	authenticated	-
/api/courses/{course_id}	DELETE	authenticated	-
/api/debug/teacher-avatar-route	GET	authenticated	-
/api/debug/teacher-routes	GET	authenticated	-
/api/degrees/{degree_id}	PUT	authenticated	-
/api/degrees/{degree_id}	DELETE	authenticated	-
/api/degrees/{degree_id}/departments	POST	authenticated	-
/api/departments/{department_id}	PUT	authenticated	-
/api/departments/{department_id}	DELETE	authenticated	-
/api/departments/{department_id}/batches	POST	authenticated	-
/api/departments/{department_id}/batches/full	GET	authenticated	-
/api/feedback/f/{share_code}	GET	authenticated	-
/api/feedback/f/{share_code}/submit	POST	authenticated	-
/api/feedback/forms	GET	authenticated	-
/api/feedback/forms	POST	authenticated	-
/api/feedback/forms/{form_id}	GET	authenticated	-
/api/feedback/forms/{form_id}	PUT	authenticated	-
/api/feedback/forms/{form_id}	DELETE	authenticated	-
/api/feedback/forms/{form_id}/analytics	GET	authenticated	-
/api/feedback/forms/{form_id}/close	POST	authenticated	-
/api/feedback/forms/{form_id}/publish	POST	authenticated	-
/api/feedback/forms/{form_id}/responses	GET	authenticated	-
/api/feedback/generate-questions	POST	authenticated	-
/api/group-chat/create	POST	authenticated	-
/api/group-chat/end	POST	authenticated	-
/api/group-chat/history	GET	authenticated	-
/api/group-chat/{room_id}	GET	authenticated	-
/api/history	GET	authenticated	-
/api/history/clear	DELETE	authenticated	-
/api/history/record	POST	authenticated	-
/api/hod/ai/meeting-agenda	POST	authenticated	admin,hod
/api/hod/ai/risk-flags	POST	authenticated	admin,hod
/api/hod/applications	GET	authenticated	admin,hod
/api/hod/applications/{application_id}/review	POST	authenticated	admin,hod
/api/hod/batch-management	GET	authenticated	admin,hod
/api/hod/batch-management	POST	authenticated	admin,hod
/api/hod/batches	GET	authenticated	admin,hod
/api/hod/classes	GET	authenticated	admin,hod
/api/hod/classes/assign	POST	authenticated	admin,hod
/api/hod/classes/{class_id}/reassign	POST	authenticated	admin,hod
/api/hod/me	GET	authenticated	admin,hod
/api/hod/signup	POST	public	admin,hod
/api/hod/staff	GET	authenticated	admin,hod
/api/hod/staff/remove	POST	authenticated	admin,hod
/api/innovatex/add-features	POST	authenticated	-
/api/innovatex/claim-project	POST	authenticated	-
/api/innovatex/eval-metrics	POST	authenticated	-
/api/innovatex/explore-features	POST	authenticated	-
/api/innovatex/generate-ideas	POST	authenticated	-
/api/innovatex/make-unique	POST	authenticated	-
/api/innovatex/mentor-chat	POST	authenticated	-
/api/innovatex/mentor-chat/{project_id}	GET	authenticated	-
/api/innovatex/my-project/{project_id}	GET	authenticated	-
/api/innovatex/my-projects	GET	authenticated	-
/api/innovatex/refine	POST	authenticated	-
/api/innovatex/refine-bulk	POST	authenticated	-
/api/innovatex/refine/{project_id}/state	GET	authenticated	-
/api/innovatex/viva-sim	POST	authenticated	-
/api/labx/check-batch	GET	authenticated	-
/api/labx/check/{topic}	GET	authenticated	-
/api/labx/generate	POST	authenticated	-
/api/labx/generate-stream	POST	authenticated	-
/api/labx/get/{topic}	GET	authenticated	-
/api/labx/list	GET	authenticated	-
/api/labx/regenerate	POST	authenticated	-
/api/labx/{topic}	DELETE	authenticated	-
/api/lcoding/languages	GET	authenticated	-
/api/lcoding/languages	POST	authenticated	-
/api/lcoding/languages/{lang_id}	PUT	authenticated	-
/api/lcoding/languages/{lang_id}	GET	authenticated	-
/api/lcoding/languages/{lang_id}/levels	GET	authenticated	-
/api/lcoding/languages/{lang_id}/levels	POST	authenticated	-
/api/lcoding/levels/{level_id}	GET	authenticated	-
/api/lcoding/levels/{level_id}	PUT	authenticated	-
/api/lcoding/levels/{level_id}	DELETE	authenticated	-
/api/lcoding/levels/{level_id}/sections	GET	authenticated	-
/api/lcoding/levels/{level_id}/sections	POST	authenticated	-
/api/lcoding/sections/{section_id}	GET	authenticated	-
/api/lcoding/sections/{section_id}/topics	GET	authenticated	-
/api/lcoding/sections/{section_id}/topics	POST	authenticated	-
/api/lcoding/topics/{topic_id}	GET	authenticated	-
/api/lcoding/topics/{topic_id}	PATCH	authenticated	-
/api/lcoding/topics/{topic_id}	DELETE	authenticated	-
/api/leaderboard	GET	authenticated	-
/api/learning-tracks/analytics	POST	authenticated	-
/api/learning-tracks/code/execute	POST	authenticated	-
/api/learning-tracks/code/explain	POST	authenticated	-
/api/learning-tracks/config	GET	authenticated	-
/api/learning-tracks/faculty-brief	POST	authenticated	-
/api/learning-tracks/mock	POST	authenticated	-
/api/learning-tracks/path	POST	authenticated	-
/api/learning-tracks/plan/latest	GET	authenticated	-
/api/learning-tracks/progress	POST	authenticated	-
/api/learning-tracks/topic/practice	POST	authenticated	-
/api/marketplace/notes	POST	authenticated	-
/api/marketplace/notes	GET	authenticated	-
/api/marketplace/notes/meta	GET	authenticated	-
/api/marketplace/notes/{note_id}	GET	authenticated	-
/api/marketplace/notes/{note_id}	PUT	authenticated	-
/api/marketplace/notes/{note_id}	DELETE	authenticated	-
/api/marketplace/notes/{note_id}/cover	GET	authenticated	-
/api/marketplace/notes/{note_id}/download	GET	authenticated	-
/api/marketplace/notes/{note_id}/preview	GET	authenticated	-
/api/marketplace/notes/{note_id}/purchase	POST	authenticated	-
/api/marketplace/notes/{note_id}/replace-file	POST	authenticated	-
/api/marketplace/notes/{note_id}/review	POST	authenticated	-
/api/marketplace/subjects/teacher-notes/batch	POST	authenticated	-
/api/marketplace/subjects/{subject_id}/teacher-notes	GET	authenticated	-
/api/math-td/config	GET	authenticated	-
/api/math-td/deploy	POST	authenticated	-
/api/math-td/question/answer	POST	authenticated	-
/api/math-td/question/generate	POST	authenticated	-
/api/math-td/session/new	POST	authenticated	-
/api/math-td/session/{session_id}	GET	authenticated	-
/api/math-td/sessions/{session_id}/history	GET	authenticated	-
/api/math-td/tick	POST	authenticated	-
/api/maths-notes/generate	POST	authenticated	-
/api/maths-notes/generate/stream	GET	authenticated	-
/api/maths-notes/solve	POST	authenticated	-
/api/me	GET	authenticated	-
/api/medix/rag/chat	POST	authenticated	-
/api/medix/rag/sessions/{session_id}/messages	GET	authenticated	-
/api/medix/rag/sources	GET	authenticated	-
/api/medix/rag/sources/{source_id}	DELETE	authenticated	-
/api/medix/rag/upload	POST	authenticated	-
/api/medix/rag/upload/bulk	POST	authenticated	-
/api/notes	GET	authenticated	-
/api/notes	POST	authenticated	-
/api/notes/allowed-domains	GET	authenticated	-
/api/notes/allowed-domains	POST	authenticated	-
/api/notes/allowed-domains	DELETE	authenticated	-
/api/notes/caseflow	POST	authenticated	-
/api/notes/caseflow/evaluate	POST	authenticated	-
/api/notes/clinical-decision-tree	POST	authenticated	-
/api/notes/degrees	GET	authenticated	-
/api/notes/edited	GET	authenticated	-
/api/notes/edited	POST	authenticated	-
/api/notes/edited/check	GET	authenticated	-
/api/notes/feedback	POST	authenticated	-
/api/notes/generate	POST	authenticated	-
/api/notes/generate/stream	GET	authenticated	-
/api/notes/match-following	POST	authenticated	-
/api/notes/ppt-link	GET	authenticated	-
/api/notes/resolve	GET	authenticated	-
/api/notes/snippet-assist	POST	authenticated	-
/api/notes/topics/search	GET	authenticated	-
/api/notes/transform	POST	authenticated	-
/api/notes/viva/respond	POST	authenticated	-
/api/notes/{note_id}	GET	authenticated	-
/api/notes/{note_id}	PUT	authenticated	-
/api/notes/{note_id}/download	GET	authenticated	-
/api/notes/{note_id}/flashcards	POST	authenticated	-
/api/notes/{note_id}/mcq	POST	authenticated	-
/api/notes/{note_id}/pdf	GET	authenticated	-
/api/orders	GET	authenticated	-
/api/orders/{job_id}	GET	authenticated	-
/api/orders/{job_id}/cancel	POST	authenticated	-
/api/orders/{job_id}/resend-otp	POST	authenticated	-
/api/parse/syllabus-text	POST	authenticated	-
/api/pdf	POST	authenticated	-
/api/ppt/generate-outline	POST	authenticated	-
/api/ppt/generate-slide	POST	authenticated	-
/api/ppt/refine-outline	POST	authenticated	-
/api/print/jobs	POST	authenticated	-
/api/print/shops	GET	authenticated	-
/api/profile	GET	authenticated	-
/api/profile	POST	authenticated	-
/api/profile/me	GET	authenticated	-
/api/profile/me	PUT	authenticated	-
/api/profile/upload	POST	authenticated	-
/api/progress/summary	GET	authenticated	-
/api/progress/toggle	POST	authenticated	-
/api/progress/topics	GET	authenticated	-
/api/projects	POST	authenticated	-
/api/projects	GET	authenticated	-
/api/projects/{project_id}	GET	authenticated	-
/api/projects/{project_id}/applications	GET	authenticated	-
/api/projects/{project_id}/applications/me	GET	authenticated	-
/api/projects/{project_id}/applications/{application_id}	GET	authenticated	-
/api/projects/{project_id}/applications/{application_id}	PATCH	authenticated	-
/api/projects/{project_id}/apply	POST	authenticated	-
/api/projects/{project_id}/upload	POST	authenticated	-
/api/public/academic-meta	GET	authenticated	-
/api/public/profiles/{user_id}	GET	authenticated	-
/api/public/skills/verifications/{user_id}	GET	authenticated	-
/api/public/supabase	GET	authenticated	-
/api/public/turnstile	GET	authenticated	-
/api/rtc-config	GET	authenticated	-
/api/shop/jobs	GET	authenticated	-
/api/shop/jobs/{job_id}/accept	POST	authenticated	-
/api/shop/jobs/{job_id}/printing	POST	authenticated	-
/api/shop/jobs/{job_id}/ready	POST	authenticated	-
/api/shop/jobs/{job_id}/reject	POST	authenticated	-
/api/shop/jobs/{job_id}/release	POST	authenticated	-
/api/shop/logo	POST	authenticated	-
/api/shop/me	GET	authenticated	-
/api/shop/me	PATCH	authenticated	-
/api/shop/signup	POST	authenticated	-
/api/signup/full	POST	public	-
/api/skills/tests/start	POST	authenticated	-
/api/skills/tests/{session_id}/submit	POST	authenticated	-
/api/skills/verifications	GET	authenticated	-
/api/streak	GET	authenticated	-
/api/streak/ping	POST	authenticated	-
/api/student/assignments	GET	authenticated	-
/api/student/assignments/{assignment_id}	GET	authenticated	-
/api/student/assignments/{assignment_id}/request-extension	POST	authenticated	-
/api/student/assignments/{assignment_id}/submit	POST	authenticated	-
/api/studyai/conversations	POST	authenticated	-
/api/studyai/conversations	GET	authenticated	-
/api/studyai/conversations/{conversation_id}	GET	authenticated	-
/api/studyai/conversations/{conversation_id}	PATCH	authenticated	-
/api/studyai/conversations/{conversation_id}	DELETE	authenticated	-
/api/studyai/conversations/{conversation_id}/export/md	GET	authenticated	-
/api/studyai/conversations/{conversation_id}/messages	POST	authenticated	-
/api/studyai/conversations/{conversation_id}/share	POST	authenticated	-
/api/studyai/messages/{message_id}/bookmark	PATCH	authenticated	-
/api/studyai/shared/{share_code}	GET	authenticated	-
/api/syllabus/courses	POST	authenticated	-
/api/syllabus/courses/{course_id}	PUT	authenticated	-
/api/syllabus/courses/{course_id}	GET	authenticated	-
/api/syllabus/courses/{course_id}/ratings	GET	authenticated	-
/api/syllabus/courses/{course_id}/units	POST	authenticated	-
/api/syllabus/topics/by-title	GET	authenticated	-
/api/syllabus/topics/ratings/batch	POST	authenticated	-
/api/syllabus/topics/{topic_id}/image	PUT	authenticated	-
/api/syllabus/topics/{topic_id}/image	DELETE	authenticated	-
/api/syllabus/topics/{topic_id}/lab	PUT	authenticated	-
/api/syllabus/topics/{topic_id}/lab	DELETE	authenticated	-
/api/syllabus/topics/{topic_id}/ppt	PUT	authenticated	-
/api/syllabus/topics/{topic_id}/ppt	DELETE	authenticated	-
/api/syllabus/topics/{topic_id}/rating	PUT	authenticated	-
/api/syllabus/topics/{topic_id}/rating	GET	authenticated	-
/api/syllabus/topics/{topic_id}/video	PUT	authenticated	-
/api/syllabus/topics/{topic_id}/video	DELETE	authenticated	-
/api/syllabus/units/{unit_id}	PUT	authenticated	-
/api/syllabus/units/{unit_id}	DELETE	authenticated	-
/api/syllabus/units/{unit_id}/topics	GET	authenticated	-
/api/syllabus/upload	POST	authenticated	-
/api/syllabus/upload	GET	authenticated	-
/api/syllabus/upload-bulk	POST	authenticated	-
/api/teacher/academics/mine	GET	authenticated	admin,employee,hod,teacher
/api/teacher/applications	GET	authenticated	admin,employee,hod,teacher
/api/teacher/applications/{application_id}/review	POST	authenticated	admin,employee,hod,teacher
/api/teacher/classes	POST	authenticated	admin,employee,hod,teacher
/api/teacher/classes/mine	GET	authenticated	admin,employee,hod,teacher
/api/teacher/classes/{class_id}	GET	authenticated	admin,employee,hod,teacher
/api/teacher/classes/{class_id}	PUT	authenticated	admin,employee,hod,teacher
/api/teacher/classes/{class_id}	DELETE	authenticated	admin,employee,hod,teacher
/api/teacher/classes/{class_id}/students	GET	authenticated	admin,employee,hod,teacher
/api/teacher/connect/{other_user_id}	POST	authenticated	admin,employee,hod,teacher
/api/teacher/connections	GET	authenticated	admin,employee,hod,teacher
/api/teacher/connections/{connection_id}/messages	POST	authenticated	admin,employee,hod,teacher
/api/teacher/connections/{connection_id}/messages	GET	authenticated	admin,employee,hod,teacher
/api/teacher/me/status	GET	authenticated	admin,employee,hod,teacher
/api/teacher/notes/mine	GET	authenticated	admin,employee,hod,teacher
/api/teacher/notes/upload-meta	GET	authenticated	admin,employee,hod,teacher
/api/teacher/profile/avatar	POST	authenticated	admin,employee,hod,teacher
/api/teacher/profile/me	PUT	authenticated	admin,employee,hod,teacher
/api/teacher/profile/me/avatar	POST	authenticated	admin,employee,hod,teacher
/api/teacher/profile/{user_id}	GET	authenticated	admin,employee,hod,teacher
/api/teacher/signup	POST	public	admin,employee,hod,teacher
/api/teacher/tests	POST	authenticated	admin,employee,hod,teacher
/api/teacher/tests	GET	authenticated	admin,employee,hod,teacher
/api/teacher/tests/ai	POST	authenticated	admin,employee,hod,teacher
/api/teacher/tests/{test_id}	DELETE	authenticated	admin,employee,hod,teacher
/api/teacher/tests/{test_id}	PUT	authenticated	admin,employee,hod,teacher
/api/teacher/tests/{test_id}/accepting	PATCH	authenticated	admin,employee,hod,teacher
/api/teacher/tests/{test_id}/attempts	GET	authenticated	admin,employee,hod,teacher
/api/teacher/tests/{test_id}/results	GET	authenticated	admin,employee,hod,teacher
/api/teachers	GET	authenticated	-
/api/tests/{test_id}	GET	authenticated	-
/api/tests/{test_id}/start	POST	authenticated	-
/api/tests/{test_id}/submit	POST	authenticated	-
/api/transcripts/meta	POST	authenticated	-
/api/transcripts/notes	POST	authenticated	-
/api/transcripts/paragraph	POST	authenticated	-
/api/transcripts/saved/{video_id}	GET	authenticated	-
/api/tunex/compiler/java/run	POST	authenticated	-
/api/tunex/compiler/run	POST	authenticated	-
/api/tunex/problems/{id}	GET	authenticated	-
/api/tunex/problems/{id}/run	POST	authenticated	-
/api/tunex/topics/{topic_id}/ai/ensure	POST	authenticated	-
/api/tunex/topics/{topic_id}/full	GET	authenticated	-
/api/wishlist	GET	authenticated	-
/api/wishlist/check/{topic_id}	GET	authenticated	-
/api/wishlist/toggle	POST	authenticated	-
/api/wishlist/{topic_id}	DELETE	authenticated	-
/api/xo/game	POST	authenticated	-
/api/xo/game/{game_id}	GET	authenticated	-
/api/xo/game/{game_id}/move	POST	authenticated	-
/api/xo/leaderboard	GET	authenticated	-
/api/xo/stats	GET	authenticated	-
/api/youtube/channel-logo	GET	authenticated	-
/api/youtube/search	GET	authenticated	-
/api/youtube/transcript.txt	GET	authenticated	-
/health	GET	public	-
/login	POST	public	-
/logout	POST	public	-
/refresh	POST	public	-
/signup	POST	public	-